Datetime,Open
2023-01-03 09:30,130.27999877929688
2023-01-03 10:30,125.45999908447266
2023-01-03 11:30,125.3501968383789
2023-01-03 12:30,124.66000366210938
2023-01-03 13:30,124.6698989868164
2023-01-03 14:30,124.5780029296875
2023-01-03 15:30,124.62999725341797
2023-01-04 09:30,126.88999938964844
2023-01-04 10:30,125.98999786376953
2023-01-04 11:30,127.38999938964844
2023-01-04 12:30,128.0749969482422
2023-01-04 13:30,127.26499938964844
2023-01-04 14:30,125.72000122070312
2023-01-04 15:30,125.83989715576172
2023-01-05 09:30,127.12999725341797
2023-01-05 10:30,126.76000213623047
2023-01-05 11:30,126.55000305175781
2023-01-05 12:30,126.5
2023-01-05 13:30,126.48999786376953
2023-01-05 14:30,125.88999938964844
2023-01-05 15:30,125.16999816894531
2023-01-06 09:30,126.01000213623047
2023-01-06 10:30,126.375
2023-01-06 11:30,127.25
2023-01-06 12:30,128.3217010498047
2023-01-06 13:30,128.24000549316406
2023-01-06 14:30,129.33999633789062
2023-01-06 15:30,129.81500244140625
2023-01-09 09:30,130.46499633789062
2023-01-09 10:30,132.5749969482422
2023-01-09 11:30,133.08999633789062
2023-01-09 12:30,132.74000549316406
2023-01-09 13:30,132.4949951171875
2023-01-09 14:30,131.49000549316406
2023-01-09 15:30,130.44500732421875
2023-01-10 09:30,130.25999450683594
2023-01-10 10:30,129.4001007080078
2023-01-10 11:30,129.02000427246094
2023-01-10 12:30,129.11000061035156
2023-01-10 13:30,129.6501007080078
2023-01-10 14:30,130.3699951171875
2023-01-10 15:30,130.14999389648438
2023-01-11 09:30,131.25
2023-01-11 10:30,132.02000427246094
2023-01-11 11:30,131.67999267578125
2023-01-11 12:30,132.8000030517578
2023-01-11 13:30,132.80799865722656
2023-01-11 14:30,132.40890502929688
2023-01-11 15:30,132.92999267578125
2023-01-12 09:30,133.8800048828125
2023-01-12 10:30,132.97999572753906
2023-01-12 11:30,132.4199981689453
2023-01-12 12:30,134.00999450683594
2023-01-12 13:30,132.8000030517578
2023-01-12 14:30,133.19749450683594
2023-01-12 15:30,133.19000244140625
2023-01-13 09:30,132.02999877929688
2023-01-13 10:30,133.50999450683594
2023-01-13 11:30,133.0399932861328
2023-01-13 12:30,133.52000427246094
2023-01-13 13:30,133.66000366210938
2023-01-13 14:30,134.25
2023-01-13 15:30,134.60499572753906
2023-01-17 09:30,134.75
2023-01-17 10:30,136.6999969482422
2023-01-17 11:30,135.38999938964844
2023-01-17 12:30,135.58999633789062
2023-01-17 13:30,136.05999755859375
2023-01-17 14:30,135.6649932861328
2023-01-17 15:30,135.69500732421875
2023-01-18 09:30,136.81500244140625
2023-01-18 10:30,137.99000549316406
2023-01-18 11:30,136.67999267578125
2023-01-18 12:30,135.5800018310547
2023-01-18 13:30,135.72999572753906
2023-01-18 14:30,136.05999755859375
2023-01-18 15:30,135.75999450683594
2023-01-19 09:30,134.0800018310547
2023-01-19 10:30,134.47000122070312
2023-01-19 11:30,134.47999572753906
2023-01-19 12:30,134.44180297851562
2023-01-19 13:30,134.75999450683594
2023-01-19 14:30,135.8800048828125
2023-01-19 15:30,135.7100067138672
2023-01-20 09:30,134.8300018310547
2023-01-20 10:30,135.05999755859375
2023-01-20 11:30,135.5399932861328
2023-01-20 12:30,135.64210510253906
2023-01-20 13:30,135.6999969482422
2023-01-20 14:30,136.94500732421875
2023-01-20 15:30,137.47999572753906
2023-01-23 09:30,138.1199951171875
2023-01-23 10:30,140.46499633789062
2023-01-23 11:30,142.33999633789062
2023-01-23 12:30,142.4600067138672
2023-01-23 13:30,142.27000427246094
2023-01-23 14:30,141.77999877929688
2023-01-23 15:30,140.58999633789062
2023-01-24 09:30,140.30499267578125
2023-01-24 10:30,141.90499877929688
2023-01-24 11:30,142.4600067138672
2023-01-24 12:30,142.6999969482422
2023-01-24 13:30,142.9199981689453
2023-01-24 14:30,142.66009521484375
2023-01-24 15:30,142.42999267578125
2023-01-25 09:30,140.0
2023-01-25 10:30,139.8300018310547
2023-01-25 11:30,140.10000610351562
2023-01-25 12:30,140.22999572753906
2023-01-25 13:30,141.0800018310547
2023-01-25 14:30,141.60000610351562
2023-01-25 15:30,141.8354034423828
2023-01-26 09:30,143.1699981689453
2023-01-26 10:30,143.52499389648438
2023-01-26 11:30,142.35000610351562
2023-01-26 12:30,142.86000061035156
2023-01-26 13:30,142.8699951171875
2023-01-26 14:30,143.53500366210938
2023-01-26 15:30,143.51499938964844
2023-01-27 09:30,143.15499877929688
2023-01-27 10:30,145.42999267578125
2023-01-27 11:30,145.25999450683594
2023-01-27 12:30,146.3778076171875
2023-01-27 13:30,146.1999969482422
2023-01-27 14:30,146.77999877929688
2023-01-27 15:30,146.9499969482422
2023-01-30 09:30,144.9550018310547
2023-01-30 10:30,144.19000244140625
2023-01-30 11:30,143.8699951171875
2023-01-30 12:30,143.6750030517578
2023-01-30 13:30,143.49000549316406
2023-01-30 14:30,143.15499877929688
2023-01-30 15:30,143.05999755859375
2023-01-31 09:30,142.6999969482422
2023-01-31 10:30,143.19000244140625
2023-01-31 11:30,143.53500366210938
2023-01-31 12:30,143.52000427246094
2023-01-31 13:30,143.4199981689453
2023-01-31 14:30,143.8300018310547
2023-01-31 15:30,143.3000030517578
2023-02-01 09:30,143.86000061035156
2023-02-01 10:30,142.97000122070312
2023-02-01 11:30,142.91000366210938
2023-02-01 12:30,141.9517059326172
2023-02-01 13:30,142.02000427246094
2023-02-01 14:30,142.38999938964844
2023-02-01 15:30,145.53500366210938
2023-02-02 09:30,149.3125
2023-02-02 10:30,148.97999572753906
2023-02-02 11:30,150.0399932861328
2023-02-02 12:30,149.9199981689453
2023-02-02 13:30,149.9499969482422
2023-02-02 14:30,150.22999572753906
2023-02-02 15:30,149.59500122070312
2023-02-03 09:30,149.25
2023-02-03 10:30,156.22500610351562
2023-02-03 11:30,156.5
2023-02-03 12:30,156.2899932861328
2023-02-03 13:30,155.02999877929688
2023-02-03 14:30,155.17709350585938
2023-02-03 15:30,154.89999389648438
2023-02-06 09:30,152.7032012939453
2023-02-06 10:30,151.3800048828125
2023-02-06 11:30,152.89999389648438
2023-02-06 12:30,152.20050048828125
2023-02-06 13:30,151.81500244140625
2023-02-06 14:30,152.36000061035156
2023-02-06 15:30,150.99000549316406
2023-02-07 09:30,150.63999938964844
2023-02-07 10:30,152.135498046875
2023-02-07 11:30,153.19000244140625
2023-02-07 12:30,152.6300048828125
2023-02-07 13:30,152.8800048828125
2023-02-07 14:30,153.67999267578125
2023-02-07 15:30,154.29490661621094
2023-02-08 09:30,153.8800048828125
2023-02-08 10:30,152.9499969482422
2023-02-08 11:30,152.0399932861328
2023-02-08 12:30,152.03500366210938
2023-02-08 13:30,151.66000366210938
2023-02-08 14:30,151.92160034179688
2023-02-08 15:30,151.63999938964844
2023-02-09 09:30,153.77499389648438
2023-02-09 10:30,152.82009887695312
2023-02-09 11:30,152.889892578125
2023-02-09 12:30,153.1125946044922
2023-02-09 13:30,152.46400451660156
2023-02-09 14:30,151.9499969482422
2023-02-09 15:30,150.9600067138672
2023-02-10 09:30,149.4600067138672
2023-02-10 10:30,150.77999877929688
2023-02-10 11:30,150.3000030517578
2023-02-10 12:30,149.75999450683594
2023-02-10 13:30,150.77000427246094
2023-02-10 14:30,150.24000549316406
2023-02-10 15:30,150.47000122070312
2023-02-13 09:30,150.95199584960938
2023-02-13 10:30,152.36000061035156
2023-02-13 11:30,153.14230346679688
2023-02-13 12:30,154.07000732421875
2023-02-13 13:30,153.96499633789062
2023-02-13 14:30,153.3800048828125
2023-02-13 15:30,153.6302032470703
2023-02-14 09:30,151.375
2023-02-14 10:30,152.94000244140625
2023-02-14 11:30,151.5500030517578
2023-02-14 12:30,151.8852996826172
2023-02-14 13:30,152.77000427246094
2023-02-14 14:30,153.1300048828125
2023-02-14 15:30,153.26499938964844
2023-02-15 09:30,153.11000061035156
2023-02-15 10:30,153.72999572753906
2023-02-15 11:30,154.64500427246094
2023-02-15 12:30,154.65020751953125
2023-02-15 13:30,154.3800048828125
2023-02-15 14:30,155.24000549316406
2023-02-15 15:30,154.85000610351562
2023-02-16 09:30,153.50999450683594
2023-02-16 10:30,154.7449951171875
2023-02-16 11:30,155.25
2023-02-16 12:30,155.41949462890625
2023-02-16 13:30,155.86000061035156
2023-02-16 14:30,156.14500427246094
2023-02-16 15:30,154.30999755859375
2023-02-17 09:30,152.5
2023-02-17 10:30,152.0
2023-02-17 11:30,151.66000366210938
2023-02-17 12:30,151.7050018310547
2023-02-17 13:30,151.0
2023-02-17 14:30,151.68299865722656
2023-02-17 15:30,152.02499389648438
2023-02-21 09:30,150.1999969482422
2023-02-21 10:30,149.69000244140625
2023-02-21 11:30,149.5050048828125
2023-02-21 12:30,149.69000244140625
2023-02-21 13:30,149.47000122070312
2023-02-21 14:30,148.88499450683594
2023-02-21 15:30,148.58999633789062
2023-02-22 09:30,149.1529998779297
2023-02-22 10:30,147.47999572753906
2023-02-22 11:30,147.8800048828125
2023-02-22 12:30,148.1221923828125
2023-02-22 13:30,149.3800048828125
2023-02-22 14:30,148.9600067138672
2023-02-22 15:30,148.38499450683594
2023-02-23 09:30,150.08999633789062
2023-02-23 10:30,148.8350067138672
2023-02-23 11:30,147.82000732421875
2023-02-23 12:30,147.4600067138672
2023-02-23 13:30,147.8000030517578
2023-02-23 14:30,149.22000122070312
2023-02-23 15:30,149.7949981689453
2023-02-24 09:30,147.11000061035156
2023-02-24 10:30,146.2899932861328
2023-02-24 11:30,146.39999389648438
2023-02-24 12:30,146.25999450683594
2023-02-24 13:30,146.22000122070312
2023-02-24 14:30,146.1199951171875
2023-02-24 15:30,146.11500549316406
2023-02-27 09:30,147.7100067138672
2023-02-27 10:30,148.72000122070312
2023-02-27 11:30,147.85000610351562
2023-02-27 12:30,148.10000610351562
2023-02-27 13:30,148.47000122070312
2023-02-27 14:30,148.40499877929688
2023-02-27 15:30,148.15890502929688
2023-02-28 09:30,147.0500030517578
2023-02-28 10:30,147.26499938964844
2023-02-28 11:30,147.91000366210938
2023-02-28 12:30,148.32000732421875
2023-02-28 13:30,148.95750427246094
2023-02-28 14:30,148.6199951171875
2023-02-28 15:30,148.0800018310547
2023-03-01 09:30,146.89500427246094
2023-03-01 10:30,145.66000366210938
2023-03-01 11:30,145.9550018310547
2023-03-01 12:30,146.42999267578125
2023-03-01 13:30,145.97000122070312
2023-03-01 14:30,145.3699951171875
2023-03-01 15:30,145.22500610351562
2023-03-02 09:30,144.3800048828125
2023-03-02 10:30,144.55999755859375
2023-03-02 11:30,144.1999969482422
2023-03-02 12:30,144.36000061035156
2023-03-02 13:30,144.5500030517578
2023-03-02 14:30,145.8800048828125
2023-03-02 15:30,146.19000244140625
2023-03-03 09:30,147.62989807128906
2023-03-03 10:30,150.13999938964844
2023-03-03 11:30,149.5749969482422
2023-03-03 12:30,149.9149932861328
2023-03-03 13:30,150.10499572753906
2023-03-03 14:30,150.75999450683594
2023-03-03 15:30,150.91000366210938
2023-03-06 09:30,153.78500366210938
2023-03-06 10:30,155.031005859375
2023-03-06 11:30,155.39500427246094
2023-03-06 12:30,155.9001007080078
2023-03-06 13:30,155.10000610351562
2023-03-06 14:30,154.25999450683594
2023-03-06 15:30,153.9499969482422
2023-03-07 09:30,153.6999969482422
2023-03-07 10:30,152.4510040283203
2023-03-07 11:30,152.25
2023-03-07 12:30,152.6490936279297
2023-03-07 13:30,152.48170471191406
2023-03-07 14:30,151.49000549316406
2023-03-07 15:30,151.18499755859375
2023-03-08 09:30,152.80999755859375
2023-03-08 10:30,152.63999938964844
2023-03-08 11:30,152.60000610351562
2023-03-08 12:30,152.72999572753906
2023-03-08 13:30,152.33999633789062
2023-03-08 14:30,152.7906036376953
2023-03-08 15:30,152.25
2023-03-09 09:30,153.5590057373047
2023-03-09 10:30,154.0
2023-03-09 11:30,154.10000610351562
2023-03-09 12:30,154.13999938964844
2023-03-09 13:30,152.63999938964844
2023-03-09 14:30,151.63499450683594
2023-03-09 15:30,150.4582977294922
2023-03-10 09:30,150.25
2023-03-10 10:30,149.46499633789062
2023-03-10 11:30,150.44000244140625
2023-03-10 12:30,149.4199981689453
2023-03-10 13:30,148.39999389648438
2023-03-10 14:30,147.9199981689453
2023-03-10 15:30,148.3800048828125
2023-03-13 09:30,147.80499267578125
2023-03-13 10:30,150.8699951171875
2023-03-13 11:30,152.55999755859375
2023-03-13 12:30,152.22999572753906
2023-03-13 13:30,151.22999572753906
2023-03-13 14:30,152.22000122070312
2023-03-13 15:30,151.0500030517578
2023-03-14 09:30,151.72000122070312
2023-03-14 10:30,152.77000427246094
2023-03-14 11:30,153.05999755859375
2023-03-14 12:30,152.7050018310547
2023-03-14 13:30,151.80999755859375
2023-03-14 14:30,151.36000061035156
2023-03-14 15:30,150.86000061035156
2023-03-15 09:30,151.19000244140625
2023-03-15 10:30,150.5399932861328
2023-03-15 11:30,150.82000732421875
2023-03-15 12:30,150.80999755859375
2023-03-15 13:30,151.58999633789062
2023-03-15 14:30,152.47999572753906
2023-03-15 15:30,152.64999389648438
2023-03-16 09:30,152.16000366210938
2023-03-16 10:30,153.2100067138672
2023-03-16 11:30,154.38670349121094
2023-03-16 12:30,154.80999755859375
2023-03-16 13:30,155.0
2023-03-16 14:30,155.47000122070312
2023-03-16 15:30,156.2550048828125
2023-03-17 09:30,156.0800018310547
2023-03-17 10:30,155.1300048828125
2023-03-17 11:30,154.67999267578125
2023-03-17 12:30,155.24000549316406
2023-03-17 13:30,155.5500030517578
2023-03-17 14:30,154.97999572753906
2023-03-17 15:30,155.11000061035156
2023-03-20 09:30,155.24639892578125
2023-03-20 10:30,155.3300018310547
2023-03-20 11:30,156.8300018310547
2023-03-20 12:30,155.9499969482422
2023-03-20 13:30,157.41250610351562
2023-03-20 14:30,157.53500366210938
2023-03-20 15:30,157.3300018310547
2023-03-21 09:30,157.32000732421875
2023-03-21 10:30,157.38499450683594
2023-03-21 11:30,157.57000732421875
2023-03-21 12:30,157.99000549316406
2023-03-21 13:30,158.69000244140625
2023-03-21 14:30,158.47999572753906
2023-03-21 15:30,158.9199981689453
2023-03-22 09:30,159.3000030517578
2023-03-22 10:30,160.05999755859375
2023-03-22 11:30,160.22000122070312
2023-03-22 12:30,159.61500549316406
2023-03-22 13:30,160.0500030517578
2023-03-22 14:30,161.19500732421875
2023-03-22 15:30,160.5399932861328
2023-03-23 09:30,158.8300018310547
2023-03-23 10:30,160.37869262695312
2023-03-23 11:30,160.6199951171875
2023-03-23 12:30,160.86749267578125
2023-03-23 13:30,159.82000732421875
2023-03-23 14:30,158.67999267578125
2023-03-23 15:30,158.35000610351562
2023-03-24 09:30,158.86000061035156
2023-03-24 10:30,159.02999877929688
2023-03-24 11:30,158.2949981689453
2023-03-24 12:30,158.39999389648438
2023-03-24 13:30,159.32000732421875
2023-03-24 14:30,159.56910705566406
2023-03-24 15:30,159.84500122070312
2023-03-27 09:30,159.94000244140625
2023-03-27 10:30,159.9199981689453
2023-03-27 11:30,159.49769592285156
2023-03-27 12:30,158.76870727539062
2023-03-27 13:30,158.3699951171875
2023-03-27 14:30,158.63999938964844
2023-03-27 15:30,158.92999267578125
2023-03-28 09:30,157.97000122070312
2023-03-28 10:30,157.02999877929688
2023-03-28 11:30,156.60000610351562
2023-03-28 12:30,156.77999877929688
2023-03-28 13:30,156.4499969482422
2023-03-28 14:30,156.52000427246094
2023-03-28 15:30,157.0050048828125
2023-03-29 09:30,159.3699951171875
2023-03-29 10:30,159.80499267578125
2023-03-29 11:30,159.8800048828125
2023-03-29 12:30,159.92129516601562
2023-03-29 13:30,160.42999267578125
2023-03-29 14:30,160.1999969482422
2023-03-29 15:30,160.82000732421875
2023-03-30 09:30,161.52999877929688
2023-03-30 10:30,162.3350067138672
2023-03-30 11:30,162.08999633789062
2023-03-30 12:30,162.00999450683594
2023-03-30 13:30,161.83999633789062
2023-03-30 14:30,162.16000366210938
2023-03-30 15:30,162.125
2023-03-31 09:30,162.44000244140625
2023-03-31 10:30,162.56500244140625
2023-03-31 11:30,163.09750366210938
2023-03-31 12:30,163.88499450683594
2023-03-31 13:30,163.8800048828125
2023-03-31 14:30,164.0749969482422
2023-03-31 15:30,164.8800048828125
2023-04-03 09:30,164.27000427246094
2023-04-03 10:30,165.36000061035156
2023-04-03 11:30,164.63999938964844
2023-04-03 12:30,164.60000610351562
2023-04-03 13:30,164.5449981689453
2023-04-03 14:30,164.91000366210938
2023-04-03 15:30,165.69000244140625
2023-04-04 09:30,166.59500122070312
2023-04-04 10:30,166.25999450683594
2023-04-04 11:30,166.13999938964844
2023-04-04 12:30,165.82000732421875
2023-04-04 13:30,166.07009887695312
2023-04-04 14:30,165.76499938964844
2023-04-04 15:30,165.33999633789062
2023-04-05 09:30,164.74000549316406
2023-04-05 10:30,164.1199951171875
2023-04-05 11:30,163.27999877929688
2023-04-05 12:30,162.1999969482422
2023-04-05 13:30,162.8699951171875
2023-04-05 14:30,162.69000244140625
2023-04-05 15:30,163.25999450683594
2023-04-06 09:30,162.42999267578125
2023-04-06 10:30,163.31680297851562
2023-04-06 11:30,164.24000549316406
2023-04-06 12:30,164.5800018310547
2023-04-06 13:30,164.33999633789062
2023-04-06 14:30,164.80999755859375
2023-04-06 15:30,164.52000427246094
2023-04-10 09:30,161.4199981689453
2023-04-10 10:30,160.16000366210938
2023-04-10 11:30,161.1407928466797
2023-04-10 12:30,160.8300018310547
2023-04-10 13:30,161.57000732421875
2023-04-10 14:30,161.72000122070312
2023-04-10 15:30,161.58999633789062
2023-04-11 09:30,162.0
2023-04-11 10:30,161.16000366210938
2023-04-11 11:30,160.89999389648438
2023-04-11 12:30,161.1199951171875
2023-04-11 13:30,161.4156036376953
2023-04-11 14:30,161.7100067138672
2023-04-11 15:30,161.3300018310547
2023-04-12 09:30,161.22000122070312
2023-04-12 10:30,161.9199981689453
2023-04-12 11:30,160.9499969482422
2023-04-12 12:30,161.47999572753906
2023-04-12 13:30,161.5399932861328
2023-04-12 14:30,160.91000366210938
2023-04-12 15:30,159.84500122070312
2023-04-13 09:30,161.6300048828125
2023-04-13 10:30,163.44000244140625
2023-04-13 11:30,163.42999267578125
2023-04-13 12:30,163.9449005126953
2023-04-13 13:30,164.42999267578125
2023-04-13 14:30,165.19000244140625
2023-04-13 15:30,165.47000122070312
2023-04-14 09:30,164.58999633789062
2023-04-14 10:30,164.99000549316406
2023-04-14 11:30,165.02999877929688
2023-04-14 12:30,164.4199981689453
2023-04-14 13:30,164.28500366210938
2023-04-14 14:30,164.96499633789062
2023-04-14 15:30,164.94000244140625
2023-04-17 09:30,165.08999633789062
2023-04-17 10:30,164.51499938964844
2023-04-17 11:30,164.57000732421875
2023-04-17 12:30,164.25
2023-04-17 13:30,164.62120056152344
2023-04-17 14:30,164.38999938964844
2023-04-17 15:30,165.18479919433594
2023-04-18 09:30,166.03909301757812
2023-04-18 10:30,166.22999572753906
2023-04-18 11:30,166.0800018310547
2023-04-18 12:30,166.1999969482422
2023-04-18 13:30,165.9199981689453
2023-04-18 14:30,166.63999938964844
2023-04-18 15:30,166.3699951171875
2023-04-19 09:30,165.8000030517578
2023-04-19 10:30,166.63949584960938
2023-04-19 11:30,167.13999938964844
2023-04-19 12:30,167.82000732421875
2023-04-19 13:30,167.92999267578125
2023-04-19 14:30,167.89999389648438
2023-04-19 15:30,167.75999450683594
2023-04-20 09:30,166.47000122070312
2023-04-20 10:30,167.0399932861328
2023-04-20 11:30,167.14239501953125
2023-04-20 12:30,167.41000366210938
2023-04-20 13:30,167.61000061035156
2023-04-20 14:30,166.86000061035156
2023-04-20 15:30,165.625
2023-04-21 09:30,165.27000427246094
2023-04-21 10:30,165.3699951171875
2023-04-21 11:30,165.10000610351562
2023-04-21 12:30,164.9250030517578
2023-04-21 13:30,164.79989624023438
2023-04-21 14:30,165.27850341796875
2023-04-21 15:30,164.9550018310547
2023-04-24 09:30,165.0
2023-04-24 10:30,165.24000549316406
2023-04-24 11:30,164.17999267578125
2023-04-24 12:30,164.3300018310547
2023-04-24 13:30,164.77999877929688
2023-04-24 14:30,165.17999267578125
2023-04-24 15:30,165.34500122070312
2023-04-25 09:30,165.19000244140625
2023-04-25 10:30,165.33999633789062
2023-04-25 11:30,165.2100067138672
2023-04-25 12:30,164.64999389648438
2023-04-25 13:30,164.3300018310547
2023-04-25 14:30,164.3300018310547
2023-04-25 15:30,164.1199951171875
2023-04-26 09:30,163.05499267578125
2023-04-26 10:30,163.30999755859375
2023-04-26 11:30,164.6199951171875
2023-04-26 12:30,165.02999877929688
2023-04-26 13:30,164.17999267578125
2023-04-26 14:30,163.7550048828125
2023-04-26 15:30,163.63999938964844
2023-04-27 09:30,165.19000244140625
2023-04-27 10:30,166.27000427246094
2023-04-27 11:30,166.7100067138672
2023-04-27 12:30,166.77000427246094
2023-04-27 13:30,167.2899932861328
2023-04-27 14:30,167.4550018310547
2023-04-27 15:30,168.28500366210938
2023-04-28 09:30,168.49000549316406
2023-04-28 10:30,169.8300018310547
2023-04-28 11:30,168.3000030517578
2023-04-28 12:30,168.66200256347656
2023-04-28 13:30,168.75999450683594
2023-04-28 14:30,168.2949981689453
2023-04-28 15:30,168.82000732421875
2023-05-01 09:30,169.27999877929688
2023-05-01 10:30,169.0449981689453
2023-05-01 11:30,169.13999938964844
2023-05-01 12:30,169.98500061035156
2023-05-01 13:30,170.1300048828125
2023-05-01 14:30,169.89999389648438
2023-05-01 15:30,169.6999969482422
2023-05-02 09:30,170.08999633789062
2023-05-02 10:30,168.66990661621094
2023-05-02 11:30,167.82000732421875
2023-05-02 12:30,168.11000061035156
2023-05-02 13:30,168.8000030517578
2023-05-02 14:30,168.47000122070312
2023-05-02 15:30,168.97000122070312
2023-05-03 09:30,169.5
2023-05-03 10:30,170.0800018310547
2023-05-03 11:30,169.30999755859375
2023-05-03 12:30,169.7100067138672
2023-05-03 13:30,170.15989685058594
2023-05-03 14:30,170.25
2023-05-03 15:30,168.13999938964844
2023-05-04 09:30,164.88999938964844
2023-05-04 10:30,165.2550048828125
2023-05-04 11:30,165.94000244140625
2023-05-04 12:30,166.2100067138672
2023-05-04 13:30,166.6750030517578
2023-05-04 14:30,165.52999877929688
2023-05-04 15:30,165.6750030517578
2023-05-05 09:30,170.97500610351562
2023-05-05 10:30,173.3699951171875
2023-05-05 11:30,173.83999633789062
2023-05-05 12:30,173.26499938964844
2023-05-05 13:30,173.64500427246094
2023-05-05 14:30,174.0749969482422
2023-05-05 15:30,173.7449951171875
2023-05-08 09:30,172.47999572753906
2023-05-08 10:30,173.3699951171875
2023-05-08 11:30,173.22999572753906
2023-05-08 12:30,173.75
2023-05-08 13:30,173.63999938964844
2023-05-08 14:30,173.59500122070312
2023-05-08 15:30,173.39999389648438
2023-05-09 09:30,173.0500030517578
2023-05-09 10:30,172.52999877929688
2023-05-09 11:30,172.2899932861328
2023-05-09 12:30,172.05499267578125
2023-05-09 13:30,172.2100067138672
2023-05-09 14:30,172.27000427246094
2023-05-09 15:30,171.97000122070312
2023-05-10 09:30,173.02000427246094
2023-05-10 10:30,173.05189514160156
2023-05-10 11:30,173.3000030517578
2023-05-10 12:30,173.17210388183594
2023-05-10 13:30,172.02000427246094
2023-05-10 14:30,172.625
2023-05-10 15:30,173.63999938964844
2023-05-11 09:30,173.85000610351562
2023-05-11 10:30,172.6699981689453
2023-05-11 11:30,173.69500732421875
2023-05-11 12:30,173.6699981689453
2023-05-11 13:30,173.47000122070312
2023-05-11 14:30,173.99989318847656
2023-05-11 15:30,174.0749969482422
2023-05-12 09:30,173.67999267578125
2023-05-12 10:30,172.69000244140625
2023-05-12 11:30,172.48500061035156
2023-05-12 12:30,171.92999267578125
2023-05-12 13:30,171.77000427246094
2023-05-12 14:30,171.3300018310547
2023-05-12 15:30,171.91000366210938
2023-05-15 09:30,173.16000366210938
2023-05-15 10:30,171.83999633789062
2023-05-15 11:30,172.25999450683594
2023-05-15 12:30,172.17300415039062
2023-05-15 13:30,171.82949829101562
2023-05-15 14:30,171.8249969482422
2023-05-15 15:30,171.80999755859375
2023-05-16 09:30,171.99000549316406
2023-05-16 10:30,172.41000366210938
2023-05-16 11:30,172.30999755859375
2023-05-16 12:30,172.24899291992188
2023-05-16 13:30,172.16000366210938
2023-05-16 14:30,171.89999389648438
2023-05-16 15:30,172.66000366210938
2023-05-17 09:30,171.75999450683594
2023-05-17 10:30,171.02999877929688
2023-05-17 11:30,170.83999633789062
2023-05-17 12:30,171.13999938964844
2023-05-17 13:30,172.0399932861328
2023-05-17 14:30,172.4199981689453
2023-05-17 15:30,172.36000061035156
2023-05-18 09:30,173.0
2023-05-18 10:30,173.67999267578125
2023-05-18 11:30,174.6649932861328
2023-05-18 12:30,174.3699951171875
2023-05-18 13:30,174.27999877929688
2023-05-18 14:30,174.11000061035156
2023-05-18 15:30,174.50999450683594
2023-05-19 09:30,176.05999755859375
2023-05-19 10:30,175.875
2023-05-19 11:30,175.4600067138672
2023-05-19 12:30,175.42999267578125
2023-05-19 13:30,175.74000549316406
2023-05-19 14:30,175.24119567871094
2023-05-19 15:30,175.13999938964844
2023-05-22 09:30,173.97999572753906
2023-05-22 10:30,174.1999969482422
2023-05-22 11:30,174.47999572753906
2023-05-22 12:30,174.14500427246094
2023-05-22 13:30,174.22999572753906
2023-05-22 14:30,174.32000732421875
2023-05-22 15:30,174.22999572753906
2023-05-23 09:30,173.1300048828125
2023-05-23 10:30,172.85000610351562
2023-05-23 11:30,173.02000427246094
2023-05-23 12:30,172.58999633789062
2023-05-23 13:30,172.07000732421875
2023-05-23 14:30,171.65499877929688
2023-05-23 15:30,171.6199951171875
2023-05-24 09:30,171.08999633789062
2023-05-24 10:30,171.16000366210938
2023-05-24 11:30,171.3699951171875
2023-05-24 12:30,170.63499450683594
2023-05-24 13:30,171.17999267578125
2023-05-24 14:30,171.17999267578125
2023-05-24 15:30,172.11000061035156
2023-05-25 09:30,172.41000366210938
2023-05-25 10:30,171.93499755859375
2023-05-25 11:30,172.27499389648438
2023-05-25 12:30,173.60000610351562
2023-05-25 13:30,173.1999969482422
2023-05-25 14:30,173.35000610351562
2023-05-25 15:30,173.63710021972656
2023-05-26 09:30,173.32000732421875
2023-05-26 10:30,175.36000061035156
2023-05-26 11:30,175.02999877929688
2023-05-26 12:30,175.30499267578125
2023-05-26 13:30,175.38999938964844
2023-05-26 14:30,175.01499938964844
2023-05-26 15:30,175.375
2023-05-30 09:30,176.6999969482422
2023-05-30 10:30,177.6300048828125
2023-05-30 11:30,177.23500061035156
2023-05-30 12:30,177.22999572753906
2023-05-30 13:30,177.14999389648438
2023-05-30 14:30,177.59739685058594
2023-05-30 15:30,177.52999877929688
2023-05-31 09:30,177.67999267578125
2023-05-31 10:30,177.89999389648438
2023-05-31 11:30,178.32000732421875
2023-05-31 12:30,178.75
2023-05-31 13:30,178.89999389648438
2023-05-31 14:30,179.16990661621094
2023-05-31 15:30,178.72000122070312
2023-06-01 09:30,177.6999969482422
2023-06-01 10:30,178.11000061035156
2023-06-01 11:30,179.48500061035156
2023-06-01 12:30,179.8000030517578
2023-06-01 13:30,179.61309814453125
2023-06-01 14:30,179.8800048828125
2023-06-01 15:30,179.7899932861328
2023-06-02 09:30,181.02999877929688
2023-06-02 10:30,179.74000549316406
2023-06-02 11:30,180.50999450683594
2023-06-02 12:30,180.6750030517578
2023-06-02 13:30,180.58670043945312
2023-06-02 14:30,180.4499969482422
2023-06-02 15:30,180.75
2023-06-05 09:30,182.33999633789062
2023-06-05 10:30,183.72000122070312
2023-06-05 11:30,184.22500610351562
2023-06-05 12:30,184.55999755859375
2023-06-05 13:30,184.11500549316406
2023-06-05 14:30,183.07000732421875
2023-06-05 15:30,179.52999877929688
2023-06-06 09:30,179.96499633789062
2023-06-06 10:30,178.9499969482422
2023-06-06 11:30,177.7949981689453
2023-06-06 12:30,178.68499755859375
2023-06-06 13:30,178.718505859375
2023-06-06 14:30,179.3249969482422
2023-06-06 15:30,179.4199981689453
2023-06-07 09:30,178.44000244140625
2023-06-07 10:30,179.27999877929688
2023-06-07 11:30,178.97500610351562
2023-06-07 12:30,178.3699951171875
2023-06-07 13:30,177.6999969482422
2023-06-07 14:30,178.02999877929688
2023-06-07 15:30,178.05999755859375
2023-06-08 09:30,177.89500427246094
2023-06-08 10:30,178.49000549316406
2023-06-08 11:30,179.23939514160156
2023-06-08 12:30,179.9600067138672
2023-06-08 13:30,179.46499633789062
2023-06-08 14:30,179.9499969482422
2023-06-08 15:30,180.25
2023-06-09 09:30,181.5
2023-06-09 10:30,181.9199981689453
2023-06-09 11:30,181.22500610351562
2023-06-09 12:30,181.1699981689453
2023-06-09 13:30,181.6699981689453
2023-06-09 14:30,182.00999450683594
2023-06-09 15:30,181.47999572753906
2023-06-12 09:30,181.5
2023-06-12 10:30,181.60000610351562
2023-06-12 11:30,182.02000427246094
2023-06-12 12:30,182.28500366210938
2023-06-12 13:30,182.53990173339844
2023-06-12 14:30,182.71499633789062
2023-06-12 15:30,183.3000030517578
2023-06-13 09:30,183.19000244140625
2023-06-13 10:30,182.77000427246094
2023-06-13 11:30,183.39999389648438
2023-06-13 12:30,183.17999267578125
2023-06-13 13:30,183.02999877929688
2023-06-13 14:30,182.83999633789062
2023-06-13 15:30,182.97500610351562
2023-06-14 09:30,183.3699951171875
2023-06-14 10:30,184.22999572753906
2023-06-14 11:30,184.1999969482422
2023-06-14 12:30,184.11990356445312
2023-06-14 13:30,183.72999572753906
2023-06-14 14:30,182.64999389648438
2023-06-14 15:30,183.52000427246094
2023-06-15 09:30,183.9600067138672
2023-06-15 10:30,185.83999633789062
2023-06-15 11:30,185.8300018310547
2023-06-15 12:30,185.1999969482422
2023-06-15 13:30,185.08999633789062
2023-06-15 14:30,185.80999755859375
2023-06-15 15:30,186.1750030517578
2023-06-16 09:30,186.72999572753906
2023-06-16 10:30,185.9001007080078
2023-06-16 11:30,185.47999572753906
2023-06-16 12:30,185.74000549316406
2023-06-16 13:30,185.80999755859375
2023-06-16 14:30,185.3000030517578
2023-06-16 15:30,184.9199981689453
2023-06-20 09:30,184.7899932861328
2023-06-20 10:30,184.82000732421875
2023-06-20 11:30,185.07000732421875
2023-06-20 12:30,185.5500030517578
2023-06-20 13:30,185.9199981689453
2023-06-20 14:30,185.77000427246094
2023-06-20 15:30,185.33999633789062
2023-06-21 09:30,184.89999389648438
2023-06-21 10:30,184.11000061035156
2023-06-21 11:30,183.1300048828125
2023-06-21 12:30,184.07000732421875
2023-06-21 13:30,184.1103057861328
2023-06-21 14:30,185.10000610351562
2023-06-21 15:30,184.5
2023-06-22 09:30,183.74000549316406
2023-06-22 10:30,185.77000427246094
2023-06-22 11:30,186.24000549316406
2023-06-22 12:30,186.07000732421875
2023-06-22 13:30,185.75
2023-06-22 14:30,186.4250030517578
2023-06-22 15:30,186.4199981689453
2023-06-23 09:30,185.5500030517578
2023-06-23 10:30,185.82000732421875
2023-06-23 11:30,186.08619689941406
2023-06-23 12:30,186.94000244140625
2023-06-23 13:30,187.3300018310547
2023-06-23 14:30,187.22999572753906
2023-06-23 15:30,186.8300018310547
2023-06-26 09:30,186.8300018310547
2023-06-26 10:30,187.75
2023-06-26 11:30,186.52999877929688
2023-06-26 12:30,186.24000549316406
2023-06-26 13:30,186.0
2023-06-26 14:30,185.97999572753906
2023-06-26 15:30,186.07000732421875
2023-06-27 09:30,185.88999938964844
2023-06-27 10:30,186.83999633789062
2023-06-27 11:30,186.9600067138672
2023-06-27 12:30,187.47000122070312
2023-06-27 13:30,187.7899932861328
2023-06-27 14:30,188.1999969482422
2023-06-27 15:30,188.30499267578125
2023-06-28 09:30,187.92999267578125
2023-06-28 10:30,188.4199981689453
2023-06-28 11:30,189.02000427246094
2023-06-28 12:30,189.30499267578125
2023-06-28 13:30,189.0800018310547
2023-06-28 14:30,189.3699951171875
2023-06-28 15:30,189.00999450683594
2023-06-29 09:30,189.0800018310547
2023-06-29 10:30,189.4600067138672
2023-06-29 11:30,189.88999938964844
2023-06-29 12:30,189.6699981689453
2023-06-29 13:30,189.49000549316406
2023-06-29 14:30,189.66000366210938
2023-06-29 15:30,189.47000122070312
2023-06-30 09:30,191.6300048828125
2023-06-30 10:30,192.68499755859375
2023-06-30 11:30,192.38499450683594
2023-06-30 12:30,192.5850067138672
2023-06-30 13:30,192.92970275878906
2023-06-30 14:30,193.02999877929688
2023-06-30 15:30,193.49000549316406
2023-07-03 09:30,193.77999877929688
2023-07-03 10:30,192.9149932861328
2023-07-03 11:30,192.36000061035156
2023-07-05 09:30,191.9499969482422
2023-07-05 10:30,192.35000610351562
2023-07-05 11:30,191.44000244140625
2023-07-05 12:30,191.14999389648438
2023-07-05 13:30,190.98500061035156
2023-07-05 14:30,190.9499969482422
2023-07-05 15:30,191.36000061035156
2023-07-06 09:30,189.83999633789062
2023-07-06 10:30,189.94000244140625
2023-07-06 11:30,190.16009521484375
2023-07-06 12:30,190.93499755859375
2023-07-06 13:30,191.10989379882812
2023-07-06 14:30,191.02000427246094
2023-07-06 15:30,191.64999389648438
2023-07-07 09:30,191.41000366210938
2023-07-07 10:30,190.6199951171875
2023-07-07 11:30,191.2100067138672
2023-07-07 12:30,192.125
2023-07-07 13:30,192.55999755859375
2023-07-07 14:30,192.40499877929688
2023-07-07 15:30,191.74000549316406
2023-07-10 09:30,189.25999450683594
2023-07-10 10:30,188.94009399414062
2023-07-10 11:30,187.86000061035156
2023-07-10 12:30,187.5500030517578
2023-07-10 13:30,188.10000610351562
2023-07-10 14:30,188.61000061035156
2023-07-10 15:30,188.2899932861328
2023-07-11 09:30,189.16000366210938
2023-07-11 10:30,188.09500122070312
2023-07-11 11:30,187.7156982421875
2023-07-11 12:30,187.6199951171875
2023-07-11 13:30,187.406005859375
2023-07-11 14:30,186.88499450683594
2023-07-11 15:30,187.1300048828125
2023-07-12 09:30,189.67999267578125
2023-07-12 10:30,190.35000610351562
2023-07-12 11:30,189.52999877929688
2023-07-12 12:30,189.15499877929688
2023-07-12 13:30,189.85989379882812
2023-07-12 14:30,190.3300018310547
2023-07-12 15:30,189.8699951171875
2023-07-13 09:30,190.5
2023-07-13 10:30,189.98500061035156
2023-07-13 11:30,190.1750030517578
2023-07-13 12:30,190.6699981689453
2023-07-13 13:30,190.6649932861328
2023-07-13 14:30,190.58999633789062
2023-07-13 15:30,190.88999938964844
2023-07-14 09:30,190.22999572753906
2023-07-14 10:30,190.85000610351562
2023-07-14 11:30,190.36500549316406
2023-07-14 12:30,189.9499969482422
2023-07-14 13:30,190.01010131835938
2023-07-14 14:30,190.1999969482422
2023-07-14 15:30,190.27499389648438
2023-07-17 09:30,191.89999389648438
2023-07-17 10:30,192.76499938964844
2023-07-17 11:30,193.0
2023-07-17 12:30,192.74000549316406
2023-07-17 13:30,193.0800018310547
2023-07-17 14:30,193.6649932861328
2023-07-17 15:30,194.13999938964844
2023-07-18 09:30,193.35000610351562
2023-07-18 10:30,193.0
2023-07-18 11:30,193.14500427246094
2023-07-18 12:30,192.6999969482422
2023-07-18 13:30,192.94000244140625
2023-07-18 14:30,193.77000427246094
2023-07-18 15:30,193.9199981689453
2023-07-19 09:30,193.10000610351562
2023-07-19 10:30,192.77999877929688
2023-07-19 11:30,193.1300048828125
2023-07-19 12:30,195.11000061035156
2023-07-19 13:30,194.33999633789062
2023-07-19 14:30,194.64999389648438
2023-07-19 15:30,195.3699951171875
2023-07-20 09:30,195.08999633789062
2023-07-20 10:30,194.90260314941406
2023-07-20 11:30,194.61000061035156
2023-07-20 12:30,194.5800018310547
2023-07-20 13:30,194.25
2023-07-20 14:30,193.19000244140625
2023-07-20 15:30,192.5449981689453
2023-07-21 09:30,194.10000610351562
2023-07-21 10:30,192.86129760742188
2023-07-21 11:30,193.59500122070312
2023-07-21 12:30,192.62469482421875
2023-07-21 13:30,192.6999969482422
2023-07-21 14:30,192.72999572753906
2023-07-21 15:30,192.41000366210938
2023-07-24 09:30,193.41000366210938
2023-07-24 10:30,193.72779846191406
2023-07-24 11:30,193.25999450683594
2023-07-24 12:30,193.17999267578125
2023-07-24 13:30,192.97000122070312
2023-07-24 14:30,193.24249267578125
2023-07-24 15:30,192.37229919433594
2023-07-25 09:30,193.36000061035156
2023-07-25 10:30,193.39500427246094
2023-07-25 11:30,193.8300018310547
2023-07-25 12:30,193.75
2023-07-25 13:30,194.2100067138672
2023-07-25 14:30,194.1300048828125
2023-07-25 15:30,194.27000427246094
2023-07-26 09:30,193.6699981689453
2023-07-26 10:30,193.97230529785156
2023-07-26 11:30,194.24000549316406
2023-07-26 12:30,194.5
2023-07-26 13:30,194.33999633789062
2023-07-26 14:30,194.25
2023-07-26 15:30,194.2100067138672
2023-07-27 09:30,196.02000427246094
2023-07-27 10:30,195.97999572753906
2023-07-27 11:30,196.14999389648438
2023-07-27 12:30,196.30799865722656
2023-07-27 13:30,195.0
2023-07-27 14:30,193.72500610351562
2023-07-27 15:30,193.02000427246094
2023-07-28 09:30,194.6699981689453
2023-07-28 10:30,195.6199951171875
2023-07-28 11:30,196.1999969482422
2023-07-28 12:30,196.4199981689453
2023-07-28 13:30,195.5800018310547
2023-07-28 14:30,196.08999633789062
2023-07-28 15:30,195.76499938964844
2023-07-31 09:30,196.05999755859375
2023-07-31 10:30,196.25
2023-07-31 11:30,196.19000244140625
2023-07-31 12:30,196.14999389648438
2023-07-31 13:30,196.125
2023-07-31 14:30,196.1750030517578
2023-07-31 15:30,196.0800018310547
2023-08-01 09:30,196.23500061035156
2023-08-01 10:30,195.47999572753906
2023-08-01 11:30,196.11000061035156
2023-08-01 12:30,195.47999572753906
2023-08-01 13:30,195.73500061035156
2023-08-01 14:30,196.05499267578125
2023-08-01 15:30,195.81500244140625
2023-08-02 09:30,195.0399932861328
2023-08-02 10:30,193.27000427246094
2023-08-02 11:30,193.00489807128906
2023-08-02 12:30,191.93260192871094
2023-08-02 13:30,192.99000549316406
2023-08-02 14:30,192.97000122070312
2023-08-02 15:30,192.3000030517578
2023-08-03 09:30,192.0
2023-08-03 10:30,190.89500427246094
2023-08-03 11:30,192.11000061035156
2023-08-03 12:30,191.8347930908203
2023-08-03 13:30,191.8800048828125
2023-08-03 14:30,191.74000549316406
2023-08-03 15:30,191.15859985351562
2023-08-04 09:30,184.625
2023-08-04 10:30,185.10000610351562
2023-08-04 11:30,185.31500244140625
2023-08-04 12:30,185.47999572753906
2023-08-04 13:30,184.97999572753906
2023-08-04 14:30,183.36500549316406
2023-08-04 15:30,182.6999969482422
2023-08-07 09:30,182.1300048828125
2023-08-07 10:30,179.02999877929688
2023-08-07 11:30,177.76499938964844
2023-08-07 12:30,178.36500549316406
2023-08-07 13:30,178.33999633789062
2023-08-07 14:30,178.47000122070312
2023-08-07 15:30,178.48500061035156
2023-08-08 09:30,179.375
2023-08-08 10:30,179.19000244140625
2023-08-08 11:30,178.0399932861328
2023-08-08 12:30,178.67999267578125
2023-08-08 13:30,178.88999938964844
2023-08-08 14:30,179.1699981689453
2023-08-08 15:30,179.81500244140625
2023-08-09 09:30,180.8699951171875
2023-08-09 10:30,178.69149780273438
2023-08-09 11:30,177.47000122070312
2023-08-09 12:30,178.0
2023-08-09 13:30,178.65899658203125
2023-08-09 14:30,179.2949981689453
2023-08-09 15:30,179.02999877929688
2023-08-10 09:30,179.47999572753906
2023-08-10 10:30,180.09800720214844
2023-08-10 11:30,179.13999938964844
2023-08-10 12:30,178.36000061035156
2023-08-10 13:30,178.0399932861328
2023-08-10 14:30,178.24000549316406
2023-08-10 15:30,178.22000122070312
2023-08-11 09:30,177.32000732421875
2023-08-11 10:30,178.2899932861328
2023-08-11 11:30,177.47000122070312
2023-08-11 12:30,177.55999755859375
2023-08-11 13:30,177.89999389648438
2023-08-11 14:30,178.2989959716797
2023-08-11 15:30,178.09500122070312
2023-08-14 09:30,177.97000122070312
2023-08-14 10:30,178.27000427246094
2023-08-14 11:30,179.35000610351562
2023-08-14 12:30,178.7100067138672
2023-08-14 13:30,179.22999572753906
2023-08-14 14:30,179.10000610351562
2023-08-14 15:30,178.9600067138672
2023-08-15 09:30,178.8800048828125
2023-08-15 10:30,177.81500244140625
2023-08-15 11:30,178.14500427246094
2023-08-15 12:30,178.1699981689453
2023-08-15 13:30,178.1300048828125
2023-08-15 14:30,177.89999389648438
2023-08-15 15:30,177.27999877929688
2023-08-16 09:30,177.1300048828125
2023-08-16 10:30,177.80999755859375
2023-08-16 11:30,177.8000030517578
2023-08-16 12:30,177.41000366210938
2023-08-16 13:30,177.86000061035156
2023-08-16 14:30,178.10000610351562
2023-08-16 15:30,177.1300048828125
2023-08-17 09:30,177.13999938964844
2023-08-17 10:30,174.72999572753906
2023-08-17 11:30,174.27000427246094
2023-08-17 12:30,174.9600067138672
2023-08-17 13:30,174.55999755859375
2023-08-17 14:30,174.2550048828125
2023-08-17 15:30,174.07000732421875
2023-08-18 09:30,172.3000030517578
2023-08-18 10:30,172.80999755859375
2023-08-18 11:30,173.4600067138672
2023-08-18 12:30,173.82000732421875
2023-08-18 13:30,174.27499389648438
2023-08-18 14:30,174.53500366210938
2023-08-18 15:30,174.49000549316406
2023-08-21 09:30,175.07000732421875
2023-08-21 10:30,174.02999877929688
2023-08-21 11:30,173.99000549316406
2023-08-21 12:30,174.77999877929688
2023-08-21 13:30,175.3572998046875
2023-08-21 14:30,175.5500030517578
2023-08-21 15:30,175.74000549316406
2023-08-22 09:30,177.05999755859375
2023-08-22 10:30,176.9228973388672
2023-08-22 11:30,177.22999572753906
2023-08-22 12:30,176.8300018310547
2023-08-22 13:30,177.1300048828125
2023-08-22 14:30,177.21499633789062
2023-08-22 15:30,177.30999755859375
2023-08-23 09:30,178.52000427246094
2023-08-23 10:30,180.11000061035156
2023-08-23 11:30,181.14999389648438
2023-08-23 12:30,180.72999572753906
2023-08-23 13:30,181.2321014404297
2023-08-23 14:30,181.06910705566406
2023-08-23 15:30,181.53500366210938
2023-08-24 09:30,180.6739959716797
2023-08-24 10:30,178.40989685058594
2023-08-24 11:30,178.1199951171875
2023-08-24 12:30,178.0500030517578
2023-08-24 13:30,177.72999572753906
2023-08-24 14:30,177.52000427246094
2023-08-24 15:30,176.82000732421875
2023-08-25 09:30,177.3800048828125
2023-08-25 10:30,177.01499938964844
2023-08-25 11:30,177.36000061035156
2023-08-25 12:30,177.75
2023-08-25 13:30,177.3800048828125
2023-08-25 14:30,178.4600067138672
2023-08-25 15:30,179.12240600585938
2023-08-28 09:30,180.08999633789062
2023-08-28 10:30,179.8000030517578
2023-08-28 11:30,178.77000427246094
2023-08-28 12:30,178.82000732421875
2023-08-28 13:30,179.9600067138672
2023-08-28 14:30,179.5500030517578
2023-08-28 15:30,179.88999938964844
2023-08-29 09:30,179.69500732421875
2023-08-29 10:30,182.41000366210938
2023-08-29 11:30,183.02999877929688
2023-08-29 12:30,183.5850067138672
2023-08-29 13:30,183.74000549316406
2023-08-29 14:30,184.3300018310547
2023-08-29 15:30,184.81500244140625
2023-08-30 09:30,184.94000244140625
2023-08-30 10:30,186.19000244140625
2023-08-30 11:30,186.6300048828125
2023-08-30 12:30,187.44000244140625
2023-08-30 13:30,187.3000030517578
2023-08-30 14:30,186.85000610351562
2023-08-30 15:30,187.38999938964844
2023-08-31 09:30,187.83999633789062
2023-08-31 10:30,188.33999633789062
2023-08-31 11:30,188.48500061035156
2023-08-31 12:30,187.97999572753906
2023-08-31 13:30,188.13999938964844
2023-08-31 14:30,188.59500122070312
2023-08-31 15:30,188.9199981689453
2023-09-01 09:30,189.48500061035156
2023-09-01 10:30,189.27000427246094
2023-09-01 11:30,188.67999267578125
2023-09-01 12:30,189.11000061035156
2023-09-01 13:30,188.99000549316406
2023-09-01 14:30,188.72000122070312
2023-09-01 15:30,189.0500030517578
2023-09-05 09:30,188.27999877929688
2023-09-05 10:30,188.6649932861328
2023-09-05 11:30,189.1649932861328
2023-09-05 12:30,189.58999633789062
2023-09-05 13:30,189.22999572753906
2023-09-05 14:30,189.84500122070312
2023-09-05 15:30,189.5449981689453
2023-09-06 09:30,188.52000427246094
2023-09-06 10:30,184.14999389648438
2023-09-06 11:30,184.02999877929688
2023-09-06 12:30,183.2100067138672
2023-09-06 13:30,182.91000366210938
2023-09-06 14:30,182.63499450683594
2023-09-06 15:30,181.52999877929688
2023-09-07 09:30,175.17999267578125
2023-09-07 10:30,176.08999633789062
2023-09-07 11:30,177.17999267578125
2023-09-07 12:30,177.25
2023-09-07 13:30,176.58999633789062
2023-09-07 14:30,176.52000427246094
2023-09-07 15:30,177.468994140625
2023-09-08 09:30,178.35000610351562
2023-09-08 10:30,179.52999877929688
2023-09-08 11:30,179.82000732421875
2023-09-08 12:30,179.5500030517578
2023-09-08 13:30,179.58999633789062
2023-09-08 14:30,178.88499450683594
2023-09-08 15:30,177.94000244140625
2023-09-11 09:30,180.0677032470703
2023-09-11 10:30,177.89999389648438
2023-09-11 11:30,178.75
2023-09-11 12:30,178.68910217285156
2023-09-11 13:30,179.27000427246094
2023-09-11 14:30,179.51499938964844
2023-09-11 15:30,179.6999969482422
2023-09-12 09:30,179.49000549316406
2023-09-12 10:30,177.5500030517578
2023-09-12 11:30,176.71200561523438
2023-09-12 12:30,176.61000061035156
2023-09-12 13:30,177.57000732421875
2023-09-12 14:30,176.11000061035156
2023-09-12 15:30,175.72000122070312
2023-09-13 09:30,176.50999450683594
2023-09-13 10:30,175.19000244140625
2023-09-13 11:30,175.1999969482422
2023-09-13 12:30,175.72999572753906
2023-09-13 13:30,175.3300018310547
2023-09-13 14:30,174.83999633789062
2023-09-13 15:30,175.06500244140625
2023-09-14 09:30,174.0
2023-09-14 10:30,174.80999755859375
2023-09-14 11:30,175.38999938964844
2023-09-14 12:30,175.50999450683594
2023-09-14 13:30,175.8000030517578
2023-09-14 14:30,175.36500549316406
2023-09-14 15:30,175.6699981689453
2023-09-15 09:30,175.85000610351562
2023-09-15 10:30,175.14999389648438
2023-09-15 11:30,174.86000061035156
2023-09-15 12:30,174.72999572753906
2023-09-15 13:30,174.07000732421875
2023-09-15 14:30,174.24000549316406
2023-09-15 15:30,174.77000427246094
2023-09-18 09:30,176.47999572753906
2023-09-18 10:30,177.0319061279297
2023-09-18 11:30,177.8000030517578
2023-09-18 12:30,178.5449981689453
2023-09-18 13:30,179.1199951171875
2023-09-18 14:30,178.96499633789062
2023-09-18 15:30,178.4149932861328
2023-09-19 09:30,177.52000427246094
2023-09-19 10:30,177.77000427246094
2023-09-19 11:30,177.5800018310547
2023-09-19 12:30,178.13999938964844
2023-09-19 13:30,178.5800018310547
2023-09-19 14:30,179.1300048828125
2023-09-19 15:30,179.10000610351562
2023-09-20 09:30,179.25999450683594
2023-09-20 10:30,177.58999633789062
2023-09-20 11:30,176.98500061035156
2023-09-20 12:30,177.64999389648438
2023-09-20 13:30,177.5
2023-09-20 14:30,177.1699981689453
2023-09-20 15:30,176.77000427246094
2023-09-21 09:30,175.1699981689453
2023-09-21 10:30,175.3946990966797
2023-09-21 11:30,174.9199981689453
2023-09-21 12:30,175.11000061035156
2023-09-21 13:30,175.3101043701172
2023-09-21 14:30,174.66000366210938
2023-09-21 15:30,174.26499938964844
2023-09-22 09:30,174.6699981689453
2023-09-22 10:30,175.2899932861328
2023-09-22 11:30,176.3800048828125
2023-09-22 12:30,176.6199951171875
2023-09-22 13:30,175.67999267578125
2023-09-22 14:30,175.1199951171875
2023-09-22 15:30,175.68499755859375
2023-09-25 09:30,174.1999969482422
2023-09-25 10:30,174.4600067138672
2023-09-25 11:30,176.28799438476562
2023-09-25 12:30,176.88499450683594
2023-09-25 13:30,176.14999389648438
2023-09-25 14:30,175.7700958251953
2023-09-25 15:30,175.61000061035156
2023-09-26 09:30,174.82000732421875
2023-09-26 10:30,173.08999633789062
2023-09-26 11:30,172.5800018310547
2023-09-26 12:30,173.00999450683594
2023-09-26 13:30,172.85499572753906
2023-09-26 14:30,172.30499267578125
2023-09-26 15:30,171.74000549316406
2023-09-27 09:30,172.6199951171875
2023-09-27 10:30,171.25
2023-09-27 11:30,170.97999572753906
2023-09-27 12:30,169.85000610351562
2023-09-27 13:30,169.29989624023438
2023-09-27 14:30,170.06500244140625
2023-09-27 15:30,170.16000366210938
2023-09-28 09:30,169.33999633789062
2023-09-28 10:30,169.13999938964844
2023-09-28 11:30,170.5
2023-09-28 12:30,171.88999938964844
2023-09-28 13:30,170.8820037841797
2023-09-28 14:30,171.13499450683594
2023-09-28 15:30,171.5800018310547
2023-09-29 09:30,172.02000427246094
2023-09-29 10:30,172.27000427246094
2023-09-29 11:30,172.05999755859375
2023-09-29 12:30,171.83999633789062
2023-09-29 13:30,171.22999572753906
2023-09-29 14:30,170.5449981689453
2023-09-29 15:30,171.27999877929688
2023-10-02 09:30,171.22000122070312
2023-10-02 10:30,173.35000610351562
2023-10-02 11:30,174.1199951171875
2023-10-02 12:30,173.36000061035156
2023-10-02 13:30,173.30999755859375
2023-10-02 14:30,172.78199768066406
2023-10-02 15:30,173.0
2023-10-03 09:30,172.2550048828125
2023-10-03 10:30,171.17999267578125
2023-10-03 11:30,171.63999938964844
2023-10-03 12:30,172.27999877929688
2023-10-03 13:30,172.00999450683594
2023-10-03 14:30,171.85000610351562
2023-10-03 15:30,171.85499572753906
2023-10-04 09:30,171.08999633789062
2023-10-04 10:30,172.39500427246094
2023-10-04 11:30,172.86000061035156
2023-10-04 12:30,173.1699981689453
2023-10-04 13:30,172.67999267578125
2023-10-04 14:30,172.74000549316406
2023-10-04 15:30,173.77000427246094
2023-10-05 09:30,173.7899932861328
2023-10-05 10:30,173.69000244140625
2023-10-05 11:30,173.60499572753906
2023-10-05 12:30,173.96009826660156
2023-10-05 13:30,174.14999389648438
2023-10-05 14:30,174.9499969482422
2023-10-05 15:30,175.1199951171875
2023-10-06 09:30,173.8000030517578
2023-10-06 10:30,174.8000030517578
2023-10-06 11:30,175.4499969482422
2023-10-06 12:30,176.67999267578125
2023-10-06 13:30,177.1699981689453
2023-10-06 14:30,177.52999877929688
2023-10-06 15:30,177.93499755859375
2023-10-09 09:30,176.80999755859375
2023-10-09 10:30,176.8699951171875
2023-10-09 11:30,177.0749969482422
2023-10-09 12:30,177.60000610351562
2023-10-09 13:30,177.9600067138672
2023-10-09 14:30,178.84500122070312
2023-10-09 15:30,178.89999389648438
2023-10-10 09:30,178.10000610351562
2023-10-10 10:30,179.1909942626953
2023-10-10 11:30,179.48500061035156
2023-10-10 12:30,179.6199951171875
2023-10-10 13:30,178.4600067138672
2023-10-10 14:30,178.19000244140625
2023-10-10 15:30,178.7899932861328
2023-10-11 09:30,178.1999969482422
2023-10-11 10:30,178.27999877929688
2023-10-11 11:30,178.58999633789062
2023-10-11 12:30,178.5800018310547
2023-10-11 13:30,178.58999633789062
2023-10-11 14:30,178.9499969482422
2023-10-11 15:30,179.1699981689453
2023-10-12 09:30,180.07000732421875
2023-10-12 10:30,181.72999572753906
2023-10-12 11:30,181.76499938964844
2023-10-12 12:30,182.27999877929688
2023-10-12 13:30,180.33999633789062
2023-10-12 14:30,179.63499450683594
2023-10-12 15:30,180.39999389648438
2023-10-13 09:30,181.4199981689453
2023-10-13 10:30,180.52000427246094
2023-10-13 11:30,179.19000244140625
2023-10-13 12:30,179.25999450683594
2023-10-13 13:30,178.26100158691406
2023-10-13 14:30,179.2449951171875
2023-10-13 15:30,178.94000244140625
2023-10-16 09:30,176.75
2023-10-16 10:30,178.44400024414062
2023-10-16 11:30,178.52000427246094
2023-10-16 12:30,177.8300018310547
2023-10-16 13:30,177.47000122070312
2023-10-16 14:30,178.125
2023-10-16 15:30,178.7899932861328
2023-10-17 09:30,176.64500427246094
2023-10-17 10:30,176.4499969482422
2023-10-17 11:30,177.0800018310547
2023-10-17 12:30,178.22999572753906
2023-10-17 13:30,177.66099548339844
2023-10-17 14:30,177.08999633789062
2023-10-17 15:30,176.77999877929688
2023-10-18 09:30,175.5800018310547
2023-10-18 10:30,176.60499572753906
2023-10-18 11:30,176.72999572753906
2023-10-18 12:30,176.82000732421875
2023-10-18 13:30,177.1199951171875
2023-10-18 14:30,176.68499755859375
2023-10-18 15:30,175.8800048828125
2023-10-19 09:30,176.0399932861328
2023-10-19 10:30,176.2100067138672
2023-10-19 11:30,176.25
2023-10-19 12:30,176.69000244140625
2023-10-19 13:30,177.8000030517578
2023-10-19 14:30,176.58999633789062
2023-10-19 15:30,175.72999572753906
2023-10-20 09:30,175.30999755859375
2023-10-20 10:30,174.24000549316406
2023-10-20 11:30,172.8800048828125
2023-10-20 12:30,173.57000732421875
2023-10-20 13:30,174.18499755859375
2023-10-20 14:30,173.55999755859375
2023-10-20 15:30,173.3699951171875
2023-10-23 09:30,171.58999633789062
2023-10-23 10:30,171.58999633789062
2023-10-23 11:30,172.80999755859375
2023-10-23 12:30,172.86000061035156
2023-10-23 13:30,173.30999755859375
2023-10-23 14:30,173.38999938964844
2023-10-23 15:30,173.14500427246094
2023-10-24 09:30,173.0500030517578
2023-10-24 10:30,172.8249053955078
2023-10-24 11:30,172.30999755859375
2023-10-24 12:30,172.10000610351562
2023-10-24 13:30,172.1999053955078
2023-10-24 14:30,172.75
2023-10-24 15:30,173.5850067138672
2023-10-25 09:30,171.8800048828125
2023-10-25 10:30,172.1300048828125
2023-10-25 11:30,172.44500732421875
2023-10-25 12:30,171.75999450683594
2023-10-25 13:30,171.13999938964844
2023-10-25 14:30,171.42999267578125
2023-10-25 15:30,171.17779541015625
2023-10-26 09:30,170.3699951171875
2023-10-26 10:30,168.64999389648438
2023-10-26 11:30,166.94500732421875
2023-10-26 12:30,166.2899932861328
2023-10-26 13:30,165.9499969482422
2023-10-26 14:30,167.1699981689453
2023-10-26 15:30,167.30999755859375
2023-10-27 09:30,166.91000366210938
2023-10-27 10:30,168.16000366210938
2023-10-27 11:30,168.75
2023-10-27 12:30,167.77000427246094
2023-10-27 13:30,167.17999267578125
2023-10-27 14:30,167.6999969482422
2023-10-27 15:30,167.99000549316406
2023-10-30 09:30,169.02000427246094
2023-10-30 10:30,169.37989807128906
2023-10-30 11:30,169.6699981689453
2023-10-30 12:30,169.46499633789062
2023-10-30 13:30,169.9199981689453
2023-10-30 14:30,170.35000610351562
2023-10-30 15:30,169.85000610351562
2023-10-31 09:30,169.35000610351562
2023-10-31 10:30,169.14999389648438
2023-10-31 11:30,169.22999572753906
2023-10-31 12:30,169.5500030517578
2023-10-31 13:30,170.2899932861328
2023-10-31 14:30,169.94000244140625
2023-10-31 15:30,170.63999938964844
